﻿<?xml version="1.0" encoding="utf-8" ?>
<XnaContent>
  <Asset Type="SuperPinataProData.Gui.GuiSkin">
    <TextureAssetName>Gui/gui_image</TextureAssetName>
    <TextureAtlasAssetName>Gui/gui_xml</TextureAtlasAssetName>

    <HealthBarBorderRegionName>health_bar_border.png</HealthBarBorderRegionName>
    <HealthBarBarRegionName>health_bar_bar.png</HealthBarBarRegionName>
    <SpecialBarBorderRegionName>special_bar_border.png</SpecialBarBorderRegionName>
    <SpecialBarBarRegionName>special_bar_bar.png</SpecialBarBarRegionName>
    <BorderSlices>
      0 0 3 3
      4 0 3 3
      0 4 3 3
      4 4 3 3
    </BorderSlices>
    <BarSlices>
      0 0 1 1
      2 0 1 1
      0 2 1 1
      2 2 1 1
    </BarSlices>

    <PanelRegionName>instructions_border.png</PanelRegionName>
    <PanelSlices>
      0 0 8 8
      10 0 8 8
      0 10 8 8
      10 10 8 8
    </PanelSlices>
  </Asset>
</XnaContent>
